{
  "licenseType": "Unknown",
  "exportable": true,
  "dc:title": "Merge of cijeruk and caringin",
  "dc:modified": "2017-04-21T03:02:17Z",
  "dc:identifier": "1dKNUscNBQYxc5FBX84E3-TFJKjblP7gUFoFkGFoV",
  "tableSchema": {"columns": [
    {
      "datatype": "string",
      "name": "col0>>0",
      "validateData": false,
      "title": "description"
    },
    {
      "datatype": "string",
      "name": "col1>>0",
      "validateData": false,
      "title": "name"
    },
    {
      "datatype": "string",
      "name": "col2>>0",
      "validateData": false,
      "title": "REGION"
    },
    {
      "datatype": "string",
      "name": "col3>>0",
      "validateData": false,
      "title": "KECAMATAN"
    },
    {
      "datatype": "location",
      "name": "col4>>0",
      "validateData": false,
      "title": "KABUPATEN"
    },
    {
      "datatype": "location",
      "name": "col5>>0",
      "validateData": false,
      "title": "PROVINSI"
    },
    {
      "datatype": "location",
      "name": "col6>>0",
      "validateData": false,
      "title": "NEGARA"
    },
    {
      "datatype": "double",
      "name": "col7>>0",
      "validateData": false,
      "title": "KODE_UNSUR"
    },
    {
      "datatype": "double",
      "name": "col8>>0",
      "validateData": false,
      "title": "LUAS_KECA"
    },
    {
      "datatype": "double",
      "name": "col9>>0",
      "validateData": false,
      "title": "LUAS_KABU"
    },
    {
      "datatype": "double",
      "name": "col10>>0",
      "validateData": false,
      "title": "LUAS_PROV"
    },
    {
      "datatype": "string",
      "formatPattern": "<a href='%1$s'>%1$s<\/a>",
      "name": "col11>>0",
      "validateData": false,
      "title": "WEB_KABU"
    },
    {
      "datatype": "string",
      "name": "col12>>0",
      "validateData": false,
      "title": "WEB_PROV"
    },
    {
      "datatype": "double",
      "name": "col13>>0",
      "validateData": false,
      "title": "KODE_BPS"
    },
    {
      "datatype": "location",
      "name": "col14>>0",
      "validateData": false,
      "title": "IBU_KABU"
    },
    {
      "datatype": "double",
      "name": "col15>>0",
      "validateData": false,
      "title": "POPU_KABU"
    },
    {
      "datatype": "location",
      "name": "col16>>0",
      "validateData": false,
      "title": "IBU_PROV"
    },
    {
      "datatype": "double",
      "name": "col17>>0",
      "validateData": false,
      "title": "POPU_PROV"
    },
    {
      "datatype": "double",
      "name": "col18>>0",
      "validateData": false,
      "title": "LUAS_UNSUR"
    },
    {
      "datatype": "location",
      "name": "col19>>0",
      "validateData": false,
      "title": "geometry"
    },
    {
      "datatype": "string",
      "name": "col0>>1",
      "validateData": false,
      "title": "description"
    },
    {
      "datatype": "string",
      "name": "col1>>1",
      "validateData": false,
      "title": "name"
    },
    {
      "datatype": "string",
      "name": "col2>>1",
      "validateData": false,
      "title": "REGION"
    },
    {
      "datatype": "location",
      "name": "col3>>1",
      "validateData": false,
      "title": "KECAMATAN"
    },
    {
      "datatype": "location",
      "name": "col4>>1",
      "validateData": false,
      "title": "KABUPATEN"
    },
    {
      "datatype": "location",
      "name": "col5>>1",
      "validateData": false,
      "title": "PROVINSI"
    },
    {
      "datatype": "location",
      "name": "col6>>1",
      "validateData": false,
      "title": "NEGARA"
    },
    {
      "datatype": "double",
      "name": "col7>>1",
      "validateData": false,
      "title": "KODE_UNSUR"
    },
    {
      "datatype": "double",
      "name": "col8>>1",
      "validateData": false,
      "title": "LUAS_KECA"
    },
    {
      "datatype": "double",
      "name": "col9>>1",
      "validateData": false,
      "title": "LUAS_KABU"
    },
    {
      "datatype": "double",
      "name": "col10>>1",
      "validateData": false,
      "title": "LUAS_PROV"
    },
    {
      "datatype": "string",
      "formatPattern": "<a href='%1$s'>%1$s<\/a>",
      "name": "col11>>1",
      "validateData": false,
      "title": "WEB_KABU"
    },
    {
      "datatype": "string",
      "name": "col12>>1",
      "validateData": false,
      "title": "WEB_PROV"
    },
    {
      "datatype": "double",
      "name": "col13>>1",
      "validateData": false,
      "title": "KODE_BPS"
    },
    {
      "datatype": "location",
      "name": "col14>>1",
      "validateData": false,
      "title": "IBU_KABU"
    },
    {
      "datatype": "double",
      "name": "col15>>1",
      "validateData": false,
      "title": "POPU_KABU"
    },
    {
      "datatype": "location",
      "name": "col16>>1",
      "validateData": false,
      "title": "IBU_PROV"
    },
    {
      "datatype": "double",
      "name": "col17>>1",
      "validateData": false,
      "title": "POPU_PROV"
    },
    {
      "datatype": "double",
      "name": "col18>>1",
      "validateData": false,
      "title": "LUAS_UNSUR"
    },
    {
      "datatype": "location",
      "name": "col19>>1",
      "validateData": false,
      "title": "geometry"
    },
    {
      "datatype": "string",
      "name": "col0>>2",
      "validateData": false,
      "title": "description"
    },
    {
      "datatype": "string",
      "name": "col1>>2",
      "validateData": false,
      "title": "name"
    },
    {
      "datatype": "location",
      "name": "col2>>2",
      "validateData": false,
      "title": "Latitude",
      "latitudeLongitudeColumns": {
        "latitudeColumn": "col2",
        "longitudeColumn": "col3"
      }
    },
    {
      "datatype": "double",
      "name": "col3>>2",
      "validateData": false,
      "title": "Longitude",
      "latitudeLongitudeColumns": {
        "latitudeColumn": "col2",
        "longitudeColumn": "col3"
      }
    },
    {
      "datatype": "string",
      "name": "col4>>2",
      "validateData": false,
      "title": "POSDAYA"
    },
    {
      "datatype": "location",
      "name": "col5>>2",
      "validateData": false,
      "title": "Desa"
    },
    {
      "datatype": "location",
      "name": "col6>>2",
      "validateData": false,
      "title": "Kecamatan"
    },
    {
      "datatype": "location",
      "name": "col7>>2",
      "validateData": false,
      "title": "geometry"
    }
  ]},
  "sql": "SELECT T1.'description', T1.'name', T1.'REGION', T1.'KECAMATAN', T1.'KABUPATEN', T1.'PROVINSI', T1.'NEGARA', T1.'KODE_UNSUR', T1.'LUAS_KECA', T1.'LUAS_KABU', T1.'LUAS_PROV', T1.'WEB_KABU', T1.'WEB_PROV', T1.'KODE_BPS', T1.'IBU_KABU', T1.'POPU_KABU', T1.'IBU_PROV', T1.'POPU_PROV', T1.'LUAS_UNSUR', T1.'geometry', T2.'name', T2.'REGION', T2.'KECAMATAN', T2.'KABUPATEN', T2.'PROVINSI', T2.'NEGARA', T2.'KODE_UNSUR', T2.'LUAS_KECA', T2.'LUAS_KABU', T2.'LUAS_PROV', T2.'WEB_KABU', T2.'WEB_PROV', T2.'KODE_BPS', T2.'IBU_KABU', T2.'POPU_KABU', T2.'IBU_PROV', T2.'POPU_PROV', T2.'LUAS_UNSUR', T2.'geometry', T3.'name', T3.'Latitude', T3.'Longitude', T3.'POSDAYA', T3.'Desa', T3.'Kecamatan', T3.'geometry' FROM 1yhmJdrR-x3nWSIYSIOuHUwQ_0CEApj6oFGtA0414 AS T1 LEFT OUTER JOIN 1sWq9khGnURCnj5mN30_KG7oRVob0qVblYHQQsSb8 AS T2 ON T1.'description' = T2.'description' LEFT OUTER JOIN 1nPvrx0C5qkS8GZPw-cKbyqN_l084Z4LTL7o9Fcl7 AS T3 ON T1.'description' = T3.'description'"
}